command,compress_gbps,compressed_size_bytes,compression_ratio,compression_time_sec,compressor,dataset,decompress_gbps,decompression_time_sec,elapsed_sec,error_mode,error_value,label,ncu_log,ncu_report_base,ncu_return_code,raw_log,return_code,timed_trial,trial
../dep/install/cuSZ/bin/cusz --help,,,,,cusz,hurricane_primary,,,0.0013954639434814453,rel,1e-2,cusz,,,,../outputs/raw/hurricane_primary__cusz__rel_1e-2__trial0.log,127,False,0
../dep/install/cuSZ/bin/cusz --help,,,,,cusz,hurricane_primary,,,0.000911712646484375,rel,1e-2,cusz,../outputs/raw/hurricane_primary__cusz__rel_1e-2__trial1.ncu.log,../outputs/raw/hurricane_primary__cusz__rel_1e-2__trial1,127,../outputs/raw/hurricane_primary__cusz__rel_1e-2__trial1.log,127,True,1
../dep/install/cuSZ/bin/cusz --help,,,,,cusz,hurricane_primary,,,0.0007531642913818359,rel,1e-2,cusz,../outputs/raw/hurricane_primary__cusz__rel_1e-2__trial2.ncu.log,../outputs/raw/hurricane_primary__cusz__rel_1e-2__trial2,127,../outputs/raw/hurricane_primary__cusz__rel_1e-2__trial2.log,127,True,2
../dep/install/cuSZ/bin/cusz --help,,,,,cusz,hurricane_primary,,,0.0009853839874267578,rel,1e-2,cusz,../outputs/raw/hurricane_primary__cusz__rel_1e-2__trial3.ncu.log,../outputs/raw/hurricane_primary__cusz__rel_1e-2__trial3,127,../outputs/raw/hurricane_primary__cusz__rel_1e-2__trial3.log,127,True,3
../dep/install/cuSZ/bin/cusz --help,,,,,cusz,hurricane_primary,,,0.00112152099609375,rel,1e-2,cusz,../outputs/raw/hurricane_primary__cusz__rel_1e-2__trial4.ncu.log,../outputs/raw/hurricane_primary__cusz__rel_1e-2__trial4,127,../outputs/raw/hurricane_primary__cusz__rel_1e-2__trial4.log,127,True,4
../dep/install/cuSZ/bin/cusz --help,,,,,cusz,hurricane_primary,,,0.0008790493011474609,rel,1e-2,cusz,../outputs/raw/hurricane_primary__cusz__rel_1e-2__trial5.ncu.log,../outputs/raw/hurricane_primary__cusz__rel_1e-2__trial5,127,../outputs/raw/hurricane_primary__cusz__rel_1e-2__trial5.log,127,True,5
../dep/install/cuSZ/bin/cusz --help,,,,,cusz,hurricane_primary,,,0.0008141994476318359,rel,1e-3,cusz,,,,../outputs/raw/hurricane_primary__cusz__rel_1e-3__trial0.log,127,False,0
../dep/install/cuSZ/bin/cusz --help,,,,,cusz,hurricane_primary,,,0.0004534721374511719,rel,1e-3,cusz,../outputs/raw/hurricane_primary__cusz__rel_1e-3__trial1.ncu.log,../outputs/raw/hurricane_primary__cusz__rel_1e-3__trial1,127,../outputs/raw/hurricane_primary__cusz__rel_1e-3__trial1.log,127,True,1
../dep/install/cuSZ/bin/cusz --help,,,,,cusz,hurricane_primary,,,0.0007805824279785156,rel,1e-3,cusz,../outputs/raw/hurricane_primary__cusz__rel_1e-3__trial2.ncu.log,../outputs/raw/hurricane_primary__cusz__rel_1e-3__trial2,127,../outputs/raw/hurricane_primary__cusz__rel_1e-3__trial2.log,127,True,2
../dep/install/cuSZ/bin/cusz --help,,,,,cusz,hurricane_primary,,,0.0008614063262939453,rel,1e-3,cusz,../outputs/raw/hurricane_primary__cusz__rel_1e-3__trial3.ncu.log,../outputs/raw/hurricane_primary__cusz__rel_1e-3__trial3,127,../outputs/raw/hurricane_primary__cusz__rel_1e-3__trial3.log,127,True,3
../dep/install/cuSZ/bin/cusz --help,,,,,cusz,hurricane_primary,,,0.0008401870727539062,rel,1e-3,cusz,../outputs/raw/hurricane_primary__cusz__rel_1e-3__trial4.ncu.log,../outputs/raw/hurricane_primary__cusz__rel_1e-3__trial4,127,../outputs/raw/hurricane_primary__cusz__rel_1e-3__trial4.log,127,True,4
../dep/install/cuSZ/bin/cusz --help,,,,,cusz,hurricane_primary,,,0.0009400844573974609,rel,1e-3,cusz,../outputs/raw/hurricane_primary__cusz__rel_1e-3__trial5.ncu.log,../outputs/raw/hurricane_primary__cusz__rel_1e-3__trial5,127,../outputs/raw/hurricane_primary__cusz__rel_1e-3__trial5.log,127,True,5
../dep/install/cuSZ/bin/cusz --help,,,,,cusz,hurricane_primary,,,0.0008873939514160156,rel,1e-4,cusz,,,,../outputs/raw/hurricane_primary__cusz__rel_1e-4__trial0.log,127,False,0
../dep/install/cuSZ/bin/cusz --help,,,,,cusz,hurricane_primary,,,0.0006833076477050781,rel,1e-4,cusz,../outputs/raw/hurricane_primary__cusz__rel_1e-4__trial1.ncu.log,../outputs/raw/hurricane_primary__cusz__rel_1e-4__trial1,127,../outputs/raw/hurricane_primary__cusz__rel_1e-4__trial1.log,127,True,1
../dep/install/cuSZ/bin/cusz --help,,,,,cusz,hurricane_primary,,,0.0007534027099609375,rel,1e-4,cusz,../outputs/raw/hurricane_primary__cusz__rel_1e-4__trial2.ncu.log,../outputs/raw/hurricane_primary__cusz__rel_1e-4__trial2,127,../outputs/raw/hurricane_primary__cusz__rel_1e-4__trial2.log,127,True,2
../dep/install/cuSZ/bin/cusz --help,,,,,cusz,hurricane_primary,,,0.0012462139129638672,rel,1e-4,cusz,../outputs/raw/hurricane_primary__cusz__rel_1e-4__trial3.ncu.log,../outputs/raw/hurricane_primary__cusz__rel_1e-4__trial3,127,../outputs/raw/hurricane_primary__cusz__rel_1e-4__trial3.log,127,True,3
../dep/install/cuSZ/bin/cusz --help,,,,,cusz,hurricane_primary,,,0.0007488727569580078,rel,1e-4,cusz,../outputs/raw/hurricane_primary__cusz__rel_1e-4__trial4.ncu.log,../outputs/raw/hurricane_primary__cusz__rel_1e-4__trial4,127,../outputs/raw/hurricane_primary__cusz__rel_1e-4__trial4.log,127,True,4
../dep/install/cuSZ/bin/cusz --help,,,,,cusz,hurricane_primary,,,0.0015783309936523438,rel,1e-4,cusz,../outputs/raw/hurricane_primary__cusz__rel_1e-4__trial5.ncu.log,../outputs/raw/hurricane_primary__cusz__rel_1e-4__trial5,127,../outputs/raw/hurricane_primary__cusz__rel_1e-4__trial5.log,127,True,5
../dep/install/cuSZp/bin/cuSZp -i /home/jwang96/datasets/Hurricane_new/clean-data-Jinyang/example.f32 -t f32 -m plain -d 1 -eb rel 1e-2,,,,,cuszp,hurricane_primary,,,0.004414796829223633,rel,1e-2,cuszp_plain,,,,../outputs/raw/hurricane_primary__cuszp_plain__rel_1e-2__trial0.log,-11,False,0
../dep/install/cuSZp/bin/cuSZp -i /home/jwang96/datasets/Hurricane_new/clean-data-Jinyang/example.f32 -t f32 -m plain -d 1 -eb rel 1e-2,,,,,cuszp,hurricane_primary,,,0.0020570755004882812,rel,1e-2,cuszp_plain,../outputs/raw/hurricane_primary__cuszp_plain__rel_1e-2__trial1.ncu.log,../outputs/raw/hurricane_primary__cuszp_plain__rel_1e-2__trial1,11,../outputs/raw/hurricane_primary__cuszp_plain__rel_1e-2__trial1.log,-11,True,1
../dep/install/cuSZp/bin/cuSZp -i /home/jwang96/datasets/Hurricane_new/clean-data-Jinyang/example.f32 -t f32 -m plain -d 1 -eb rel 1e-2,,,,,cuszp,hurricane_primary,,,0.0021719932556152344,rel,1e-2,cuszp_plain,../outputs/raw/hurricane_primary__cuszp_plain__rel_1e-2__trial2.ncu.log,../outputs/raw/hurricane_primary__cuszp_plain__rel_1e-2__trial2,11,../outputs/raw/hurricane_primary__cuszp_plain__rel_1e-2__trial2.log,-11,True,2
../dep/install/cuSZp/bin/cuSZp -i /home/jwang96/datasets/Hurricane_new/clean-data-Jinyang/example.f32 -t f32 -m plain -d 1 -eb rel 1e-2,,,,,cuszp,hurricane_primary,,,0.0025565624237060547,rel,1e-2,cuszp_plain,../outputs/raw/hurricane_primary__cuszp_plain__rel_1e-2__trial3.ncu.log,../outputs/raw/hurricane_primary__cuszp_plain__rel_1e-2__trial3,11,../outputs/raw/hurricane_primary__cuszp_plain__rel_1e-2__trial3.log,-11,True,3
../dep/install/cuSZp/bin/cuSZp -i /home/jwang96/datasets/Hurricane_new/clean-data-Jinyang/example.f32 -t f32 -m plain -d 1 -eb rel 1e-2,,,,,cuszp,hurricane_primary,,,0.00222015380859375,rel,1e-2,cuszp_plain,../outputs/raw/hurricane_primary__cuszp_plain__rel_1e-2__trial4.ncu.log,../outputs/raw/hurricane_primary__cuszp_plain__rel_1e-2__trial4,11,../outputs/raw/hurricane_primary__cuszp_plain__rel_1e-2__trial4.log,-11,True,4
../dep/install/cuSZp/bin/cuSZp -i /home/jwang96/datasets/Hurricane_new/clean-data-Jinyang/example.f32 -t f32 -m plain -d 1 -eb rel 1e-2,,,,,cuszp,hurricane_primary,,,0.0022242069244384766,rel,1e-2,cuszp_plain,../outputs/raw/hurricane_primary__cuszp_plain__rel_1e-2__trial5.ncu.log,../outputs/raw/hurricane_primary__cuszp_plain__rel_1e-2__trial5,11,../outputs/raw/hurricane_primary__cuszp_plain__rel_1e-2__trial5.log,-11,True,5
../dep/install/cuSZp/bin/cuSZp -i /home/jwang96/datasets/Hurricane_new/clean-data-Jinyang/example.f32 -t f32 -m outlier -d 1 -eb rel 1e-2,,,,,cuszp,hurricane_primary,,,0.0020296573638916016,rel,1e-2,cuszp_outlier,,,,../outputs/raw/hurricane_primary__cuszp_outlier__rel_1e-2__trial0.log,-11,False,0
../dep/install/cuSZp/bin/cuSZp -i /home/jwang96/datasets/Hurricane_new/clean-data-Jinyang/example.f32 -t f32 -m outlier -d 1 -eb rel 1e-2,,,,,cuszp,hurricane_primary,,,0.0020046234130859375,rel,1e-2,cuszp_outlier,../outputs/raw/hurricane_primary__cuszp_outlier__rel_1e-2__trial1.ncu.log,../outputs/raw/hurricane_primary__cuszp_outlier__rel_1e-2__trial1,11,../outputs/raw/hurricane_primary__cuszp_outlier__rel_1e-2__trial1.log,-11,True,1
../dep/install/cuSZp/bin/cuSZp -i /home/jwang96/datasets/Hurricane_new/clean-data-Jinyang/example.f32 -t f32 -m outlier -d 1 -eb rel 1e-2,,,,,cuszp,hurricane_primary,,,0.002066373825073242,rel,1e-2,cuszp_outlier,../outputs/raw/hurricane_primary__cuszp_outlier__rel_1e-2__trial2.ncu.log,../outputs/raw/hurricane_primary__cuszp_outlier__rel_1e-2__trial2,11,../outputs/raw/hurricane_primary__cuszp_outlier__rel_1e-2__trial2.log,-11,True,2
../dep/install/cuSZp/bin/cuSZp -i /home/jwang96/datasets/Hurricane_new/clean-data-Jinyang/example.f32 -t f32 -m outlier -d 1 -eb rel 1e-2,,,,,cuszp,hurricane_primary,,,0.0018856525421142578,rel,1e-2,cuszp_outlier,../outputs/raw/hurricane_primary__cuszp_outlier__rel_1e-2__trial3.ncu.log,../outputs/raw/hurricane_primary__cuszp_outlier__rel_1e-2__trial3,11,../outputs/raw/hurricane_primary__cuszp_outlier__rel_1e-2__trial3.log,-11,True,3
../dep/install/cuSZp/bin/cuSZp -i /home/jwang96/datasets/Hurricane_new/clean-data-Jinyang/example.f32 -t f32 -m outlier -d 1 -eb rel 1e-2,,,,,cuszp,hurricane_primary,,,0.0018682479858398438,rel,1e-2,cuszp_outlier,../outputs/raw/hurricane_primary__cuszp_outlier__rel_1e-2__trial4.ncu.log,../outputs/raw/hurricane_primary__cuszp_outlier__rel_1e-2__trial4,11,../outputs/raw/hurricane_primary__cuszp_outlier__rel_1e-2__trial4.log,-11,True,4
../dep/install/cuSZp/bin/cuSZp -i /home/jwang96/datasets/Hurricane_new/clean-data-Jinyang/example.f32 -t f32 -m outlier -d 1 -eb rel 1e-2,,,,,cuszp,hurricane_primary,,,0.002004861831665039,rel,1e-2,cuszp_outlier,../outputs/raw/hurricane_primary__cuszp_outlier__rel_1e-2__trial5.ncu.log,../outputs/raw/hurricane_primary__cuszp_outlier__rel_1e-2__trial5,11,../outputs/raw/hurricane_primary__cuszp_outlier__rel_1e-2__trial5.log,-11,True,5
../dep/install/cuSZp/bin/cuSZp -i /home/jwang96/datasets/Hurricane_new/clean-data-Jinyang/example.f32 -t f32 -m fixed -d 1 -eb rel 1e-2,,,,,cuszp,hurricane_primary,,,0.002255678176879883,rel,1e-2,cuszp_fixed,,,,../outputs/raw/hurricane_primary__cuszp_fixed__rel_1e-2__trial0.log,-11,False,0
../dep/install/cuSZp/bin/cuSZp -i /home/jwang96/datasets/Hurricane_new/clean-data-Jinyang/example.f32 -t f32 -m fixed -d 1 -eb rel 1e-2,,,,,cuszp,hurricane_primary,,,0.0018274784088134766,rel,1e-2,cuszp_fixed,../outputs/raw/hurricane_primary__cuszp_fixed__rel_1e-2__trial1.ncu.log,../outputs/raw/hurricane_primary__cuszp_fixed__rel_1e-2__trial1,11,../outputs/raw/hurricane_primary__cuszp_fixed__rel_1e-2__trial1.log,-11,True,1
../dep/install/cuSZp/bin/cuSZp -i /home/jwang96/datasets/Hurricane_new/clean-data-Jinyang/example.f32 -t f32 -m fixed -d 1 -eb rel 1e-2,,,,,cuszp,hurricane_primary,,,0.0023381710052490234,rel,1e-2,cuszp_fixed,../outputs/raw/hurricane_primary__cuszp_fixed__rel_1e-2__trial2.ncu.log,../outputs/raw/hurricane_primary__cuszp_fixed__rel_1e-2__trial2,11,../outputs/raw/hurricane_primary__cuszp_fixed__rel_1e-2__trial2.log,-11,True,2
../dep/install/cuSZp/bin/cuSZp -i /home/jwang96/datasets/Hurricane_new/clean-data-Jinyang/example.f32 -t f32 -m fixed -d 1 -eb rel 1e-2,,,,,cuszp,hurricane_primary,,,0.001977682113647461,rel,1e-2,cuszp_fixed,../outputs/raw/hurricane_primary__cuszp_fixed__rel_1e-2__trial3.ncu.log,../outputs/raw/hurricane_primary__cuszp_fixed__rel_1e-2__trial3,11,../outputs/raw/hurricane_primary__cuszp_fixed__rel_1e-2__trial3.log,-11,True,3
../dep/install/cuSZp/bin/cuSZp -i /home/jwang96/datasets/Hurricane_new/clean-data-Jinyang/example.f32 -t f32 -m fixed -d 1 -eb rel 1e-2,,,,,cuszp,hurricane_primary,,,0.001947641372680664,rel,1e-2,cuszp_fixed,../outputs/raw/hurricane_primary__cuszp_fixed__rel_1e-2__trial4.ncu.log,../outputs/raw/hurricane_primary__cuszp_fixed__rel_1e-2__trial4,11,../outputs/raw/hurricane_primary__cuszp_fixed__rel_1e-2__trial4.log,-11,True,4
../dep/install/cuSZp/bin/cuSZp -i /home/jwang96/datasets/Hurricane_new/clean-data-Jinyang/example.f32 -t f32 -m fixed -d 1 -eb rel 1e-2,,,,,cuszp,hurricane_primary,,,0.002694845199584961,rel,1e-2,cuszp_fixed,../outputs/raw/hurricane_primary__cuszp_fixed__rel_1e-2__trial5.ncu.log,../outputs/raw/hurricane_primary__cuszp_fixed__rel_1e-2__trial5,11,../outputs/raw/hurricane_primary__cuszp_fixed__rel_1e-2__trial5.log,-11,True,5
../dep/install/cuSZp/bin/cuSZp -i /home/jwang96/datasets/Hurricane_new/clean-data-Jinyang/example.f32 -t f32 -m plain -d 1 -eb rel 1e-3,,,,,cuszp,hurricane_primary,,,0.002715587615966797,rel,1e-3,cuszp_plain,,,,../outputs/raw/hurricane_primary__cuszp_plain__rel_1e-3__trial0.log,-11,False,0
../dep/install/cuSZp/bin/cuSZp -i /home/jwang96/datasets/Hurricane_new/clean-data-Jinyang/example.f32 -t f32 -m plain -d 1 -eb rel 1e-3,,,,,cuszp,hurricane_primary,,,0.0017702579498291016,rel,1e-3,cuszp_plain,../outputs/raw/hurricane_primary__cuszp_plain__rel_1e-3__trial1.ncu.log,../outputs/raw/hurricane_primary__cuszp_plain__rel_1e-3__trial1,11,../outputs/raw/hurricane_primary__cuszp_plain__rel_1e-3__trial1.log,-11,True,1
../dep/install/cuSZp/bin/cuSZp -i /home/jwang96/datasets/Hurricane_new/clean-data-Jinyang/example.f32 -t f32 -m plain -d 1 -eb rel 1e-3,,,,,cuszp,hurricane_primary,,,0.0022573471069335938,rel,1e-3,cuszp_plain,../outputs/raw/hurricane_primary__cuszp_plain__rel_1e-3__trial2.ncu.log,../outputs/raw/hurricane_primary__cuszp_plain__rel_1e-3__trial2,11,../outputs/raw/hurricane_primary__cuszp_plain__rel_1e-3__trial2.log,-11,True,2
../dep/install/cuSZp/bin/cuSZp -i /home/jwang96/datasets/Hurricane_new/clean-data-Jinyang/example.f32 -t f32 -m plain -d 1 -eb rel 1e-3,,,,,cuszp,hurricane_primary,,,0.0018894672393798828,rel,1e-3,cuszp_plain,../outputs/raw/hurricane_primary__cuszp_plain__rel_1e-3__trial3.ncu.log,../outputs/raw/hurricane_primary__cuszp_plain__rel_1e-3__trial3,11,../outputs/raw/hurricane_primary__cuszp_plain__rel_1e-3__trial3.log,-11,True,3
../dep/install/cuSZp/bin/cuSZp -i /home/jwang96/datasets/Hurricane_new/clean-data-Jinyang/example.f32 -t f32 -m plain -d 1 -eb rel 1e-3,,,,,cuszp,hurricane_primary,,,0.002728700637817383,rel,1e-3,cuszp_plain,../outputs/raw/hurricane_primary__cuszp_plain__rel_1e-3__trial4.ncu.log,../outputs/raw/hurricane_primary__cuszp_plain__rel_1e-3__trial4,11,../outputs/raw/hurricane_primary__cuszp_plain__rel_1e-3__trial4.log,-11,True,4
../dep/install/cuSZp/bin/cuSZp -i /home/jwang96/datasets/Hurricane_new/clean-data-Jinyang/example.f32 -t f32 -m plain -d 1 -eb rel 1e-3,,,,,cuszp,hurricane_primary,,,0.002025127410888672,rel,1e-3,cuszp_plain,../outputs/raw/hurricane_primary__cuszp_plain__rel_1e-3__trial5.ncu.log,../outputs/raw/hurricane_primary__cuszp_plain__rel_1e-3__trial5,11,../outputs/raw/hurricane_primary__cuszp_plain__rel_1e-3__trial5.log,-11,True,5
../dep/install/cuSZp/bin/cuSZp -i /home/jwang96/datasets/Hurricane_new/clean-data-Jinyang/example.f32 -t f32 -m outlier -d 1 -eb rel 1e-3,,,,,cuszp,hurricane_primary,,,0.0019974708557128906,rel,1e-3,cuszp_outlier,,,,../outputs/raw/hurricane_primary__cuszp_outlier__rel_1e-3__trial0.log,-11,False,0
../dep/install/cuSZp/bin/cuSZp -i /home/jwang96/datasets/Hurricane_new/clean-data-Jinyang/example.f32 -t f32 -m outlier -d 1 -eb rel 1e-3,,,,,cuszp,hurricane_primary,,,0.0019397735595703125,rel,1e-3,cuszp_outlier,../outputs/raw/hurricane_primary__cuszp_outlier__rel_1e-3__trial1.ncu.log,../outputs/raw/hurricane_primary__cuszp_outlier__rel_1e-3__trial1,11,../outputs/raw/hurricane_primary__cuszp_outlier__rel_1e-3__trial1.log,-11,True,1
../dep/install/cuSZp/bin/cuSZp -i /home/jwang96/datasets/Hurricane_new/clean-data-Jinyang/example.f32 -t f32 -m outlier -d 1 -eb rel 1e-3,,,,,cuszp,hurricane_primary,,,0.001982450485229492,rel,1e-3,cuszp_outlier,../outputs/raw/hurricane_primary__cuszp_outlier__rel_1e-3__trial2.ncu.log,../outputs/raw/hurricane_primary__cuszp_outlier__rel_1e-3__trial2,11,../outputs/raw/hurricane_primary__cuszp_outlier__rel_1e-3__trial2.log,-11,True,2
../dep/install/cuSZp/bin/cuSZp -i /home/jwang96/datasets/Hurricane_new/clean-data-Jinyang/example.f32 -t f32 -m outlier -d 1 -eb rel 1e-3,,,,,cuszp,hurricane_primary,,,0.0019736289978027344,rel,1e-3,cuszp_outlier,../outputs/raw/hurricane_primary__cuszp_outlier__rel_1e-3__trial3.ncu.log,../outputs/raw/hurricane_primary__cuszp_outlier__rel_1e-3__trial3,11,../outputs/raw/hurricane_primary__cuszp_outlier__rel_1e-3__trial3.log,-11,True,3
../dep/install/cuSZp/bin/cuSZp -i /home/jwang96/datasets/Hurricane_new/clean-data-Jinyang/example.f32 -t f32 -m outlier -d 1 -eb rel 1e-3,,,,,cuszp,hurricane_primary,,,0.0021283626556396484,rel,1e-3,cuszp_outlier,../outputs/raw/hurricane_primary__cuszp_outlier__rel_1e-3__trial4.ncu.log,../outputs/raw/hurricane_primary__cuszp_outlier__rel_1e-3__trial4,11,../outputs/raw/hurricane_primary__cuszp_outlier__rel_1e-3__trial4.log,-11,True,4
../dep/install/cuSZp/bin/cuSZp -i /home/jwang96/datasets/Hurricane_new/clean-data-Jinyang/example.f32 -t f32 -m outlier -d 1 -eb rel 1e-3,,,,,cuszp,hurricane_primary,,,0.002028226852416992,rel,1e-3,cuszp_outlier,../outputs/raw/hurricane_primary__cuszp_outlier__rel_1e-3__trial5.ncu.log,../outputs/raw/hurricane_primary__cuszp_outlier__rel_1e-3__trial5,11,../outputs/raw/hurricane_primary__cuszp_outlier__rel_1e-3__trial5.log,-11,True,5
../dep/install/cuSZp/bin/cuSZp -i /home/jwang96/datasets/Hurricane_new/clean-data-Jinyang/example.f32 -t f32 -m fixed -d 1 -eb rel 1e-3,,,,,cuszp,hurricane_primary,,,0.0023946762084960938,rel,1e-3,cuszp_fixed,,,,../outputs/raw/hurricane_primary__cuszp_fixed__rel_1e-3__trial0.log,-11,False,0
../dep/install/cuSZp/bin/cuSZp -i /home/jwang96/datasets/Hurricane_new/clean-data-Jinyang/example.f32 -t f32 -m fixed -d 1 -eb rel 1e-3,,,,,cuszp,hurricane_primary,,,0.0016770362854003906,rel,1e-3,cuszp_fixed,../outputs/raw/hurricane_primary__cuszp_fixed__rel_1e-3__trial1.ncu.log,../outputs/raw/hurricane_primary__cuszp_fixed__rel_1e-3__trial1,11,../outputs/raw/hurricane_primary__cuszp_fixed__rel_1e-3__trial1.log,-11,True,1
../dep/install/cuSZp/bin/cuSZp -i /home/jwang96/datasets/Hurricane_new/clean-data-Jinyang/example.f32 -t f32 -m fixed -d 1 -eb rel 1e-3,,,,,cuszp,hurricane_primary,,,0.002039670944213867,rel,1e-3,cuszp_fixed,../outputs/raw/hurricane_primary__cuszp_fixed__rel_1e-3__trial2.ncu.log,../outputs/raw/hurricane_primary__cuszp_fixed__rel_1e-3__trial2,11,../outputs/raw/hurricane_primary__cuszp_fixed__rel_1e-3__trial2.log,-11,True,2
../dep/install/cuSZp/bin/cuSZp -i /home/jwang96/datasets/Hurricane_new/clean-data-Jinyang/example.f32 -t f32 -m fixed -d 1 -eb rel 1e-3,,,,,cuszp,hurricane_primary,,,0.0018982887268066406,rel,1e-3,cuszp_fixed,../outputs/raw/hurricane_primary__cuszp_fixed__rel_1e-3__trial3.ncu.log,../outputs/raw/hurricane_primary__cuszp_fixed__rel_1e-3__trial3,11,../outputs/raw/hurricane_primary__cuszp_fixed__rel_1e-3__trial3.log,-11,True,3
../dep/install/cuSZp/bin/cuSZp -i /home/jwang96/datasets/Hurricane_new/clean-data-Jinyang/example.f32 -t f32 -m fixed -d 1 -eb rel 1e-3,,,,,cuszp,hurricane_primary,,,0.002076387405395508,rel,1e-3,cuszp_fixed,../outputs/raw/hurricane_primary__cuszp_fixed__rel_1e-3__trial4.ncu.log,../outputs/raw/hurricane_primary__cuszp_fixed__rel_1e-3__trial4,11,../outputs/raw/hurricane_primary__cuszp_fixed__rel_1e-3__trial4.log,-11,True,4
../dep/install/cuSZp/bin/cuSZp -i /home/jwang96/datasets/Hurricane_new/clean-data-Jinyang/example.f32 -t f32 -m fixed -d 1 -eb rel 1e-3,,,,,cuszp,hurricane_primary,,,0.002714395523071289,rel,1e-3,cuszp_fixed,../outputs/raw/hurricane_primary__cuszp_fixed__rel_1e-3__trial5.ncu.log,../outputs/raw/hurricane_primary__cuszp_fixed__rel_1e-3__trial5,11,../outputs/raw/hurricane_primary__cuszp_fixed__rel_1e-3__trial5.log,-11,True,5
../dep/install/cuSZp/bin/cuSZp -i /home/jwang96/datasets/Hurricane_new/clean-data-Jinyang/example.f32 -t f32 -m plain -d 1 -eb rel 1e-4,,,,,cuszp,hurricane_primary,,,0.0018994808197021484,rel,1e-4,cuszp_plain,,,,../outputs/raw/hurricane_primary__cuszp_plain__rel_1e-4__trial0.log,-11,False,0
../dep/install/cuSZp/bin/cuSZp -i /home/jwang96/datasets/Hurricane_new/clean-data-Jinyang/example.f32 -t f32 -m plain -d 1 -eb rel 1e-4,,,,,cuszp,hurricane_primary,,,0.0020308494567871094,rel,1e-4,cuszp_plain,../outputs/raw/hurricane_primary__cuszp_plain__rel_1e-4__trial1.ncu.log,../outputs/raw/hurricane_primary__cuszp_plain__rel_1e-4__trial1,11,../outputs/raw/hurricane_primary__cuszp_plain__rel_1e-4__trial1.log,-11,True,1
../dep/install/cuSZp/bin/cuSZp -i /home/jwang96/datasets/Hurricane_new/clean-data-Jinyang/example.f32 -t f32 -m plain -d 1 -eb rel 1e-4,,,,,cuszp,hurricane_primary,,,0.0023622512817382812,rel,1e-4,cuszp_plain,../outputs/raw/hurricane_primary__cuszp_plain__rel_1e-4__trial2.ncu.log,../outputs/raw/hurricane_primary__cuszp_plain__rel_1e-4__trial2,11,../outputs/raw/hurricane_primary__cuszp_plain__rel_1e-4__trial2.log,-11,True,2
../dep/install/cuSZp/bin/cuSZp -i /home/jwang96/datasets/Hurricane_new/clean-data-Jinyang/example.f32 -t f32 -m plain -d 1 -eb rel 1e-4,,,,,cuszp,hurricane_primary,,,0.002246379852294922,rel,1e-4,cuszp_plain,../outputs/raw/hurricane_primary__cuszp_plain__rel_1e-4__trial3.ncu.log,../outputs/raw/hurricane_primary__cuszp_plain__rel_1e-4__trial3,11,../outputs/raw/hurricane_primary__cuszp_plain__rel_1e-4__trial3.log,-11,True,3
../dep/install/cuSZp/bin/cuSZp -i /home/jwang96/datasets/Hurricane_new/clean-data-Jinyang/example.f32 -t f32 -m plain -d 1 -eb rel 1e-4,,,,,cuszp,hurricane_primary,,,0.0030612945556640625,rel,1e-4,cuszp_plain,../outputs/raw/hurricane_primary__cuszp_plain__rel_1e-4__trial4.ncu.log,../outputs/raw/hurricane_primary__cuszp_plain__rel_1e-4__trial4,11,../outputs/raw/hurricane_primary__cuszp_plain__rel_1e-4__trial4.log,-11,True,4
../dep/install/cuSZp/bin/cuSZp -i /home/jwang96/datasets/Hurricane_new/clean-data-Jinyang/example.f32 -t f32 -m plain -d 1 -eb rel 1e-4,,,,,cuszp,hurricane_primary,,,0.002104043960571289,rel,1e-4,cuszp_plain,../outputs/raw/hurricane_primary__cuszp_plain__rel_1e-4__trial5.ncu.log,../outputs/raw/hurricane_primary__cuszp_plain__rel_1e-4__trial5,11,../outputs/raw/hurricane_primary__cuszp_plain__rel_1e-4__trial5.log,-11,True,5
../dep/install/cuSZp/bin/cuSZp -i /home/jwang96/datasets/Hurricane_new/clean-data-Jinyang/example.f32 -t f32 -m outlier -d 1 -eb rel 1e-4,,,,,cuszp,hurricane_primary,,,0.002155303955078125,rel,1e-4,cuszp_outlier,,,,../outputs/raw/hurricane_primary__cuszp_outlier__rel_1e-4__trial0.log,-11,False,0
../dep/install/cuSZp/bin/cuSZp -i /home/jwang96/datasets/Hurricane_new/clean-data-Jinyang/example.f32 -t f32 -m outlier -d 1 -eb rel 1e-4,,,,,cuszp,hurricane_primary,,,0.0017960071563720703,rel,1e-4,cuszp_outlier,../outputs/raw/hurricane_primary__cuszp_outlier__rel_1e-4__trial1.ncu.log,../outputs/raw/hurricane_primary__cuszp_outlier__rel_1e-4__trial1,11,../outputs/raw/hurricane_primary__cuszp_outlier__rel_1e-4__trial1.log,-11,True,1
../dep/install/cuSZp/bin/cuSZp -i /home/jwang96/datasets/Hurricane_new/clean-data-Jinyang/example.f32 -t f32 -m outlier -d 1 -eb rel 1e-4,,,,,cuszp,hurricane_primary,,,0.002457857131958008,rel,1e-4,cuszp_outlier,../outputs/raw/hurricane_primary__cuszp_outlier__rel_1e-4__trial2.ncu.log,../outputs/raw/hurricane_primary__cuszp_outlier__rel_1e-4__trial2,11,../outputs/raw/hurricane_primary__cuszp_outlier__rel_1e-4__trial2.log,-11,True,2
../dep/install/cuSZp/bin/cuSZp -i /home/jwang96/datasets/Hurricane_new/clean-data-Jinyang/example.f32 -t f32 -m outlier -d 1 -eb rel 1e-4,,,,,cuszp,hurricane_primary,,,0.0023026466369628906,rel,1e-4,cuszp_outlier,../outputs/raw/hurricane_primary__cuszp_outlier__rel_1e-4__trial3.ncu.log,../outputs/raw/hurricane_primary__cuszp_outlier__rel_1e-4__trial3,11,../outputs/raw/hurricane_primary__cuszp_outlier__rel_1e-4__trial3.log,-11,True,3
../dep/install/cuSZp/bin/cuSZp -i /home/jwang96/datasets/Hurricane_new/clean-data-Jinyang/example.f32 -t f32 -m outlier -d 1 -eb rel 1e-4,,,,,cuszp,hurricane_primary,,,0.002473592758178711,rel,1e-4,cuszp_outlier,../outputs/raw/hurricane_primary__cuszp_outlier__rel_1e-4__trial4.ncu.log,../outputs/raw/hurricane_primary__cuszp_outlier__rel_1e-4__trial4,11,../outputs/raw/hurricane_primary__cuszp_outlier__rel_1e-4__trial4.log,-11,True,4
../dep/install/cuSZp/bin/cuSZp -i /home/jwang96/datasets/Hurricane_new/clean-data-Jinyang/example.f32 -t f32 -m outlier -d 1 -eb rel 1e-4,,,,,cuszp,hurricane_primary,,,0.002822399139404297,rel,1e-4,cuszp_outlier,../outputs/raw/hurricane_primary__cuszp_outlier__rel_1e-4__trial5.ncu.log,../outputs/raw/hurricane_primary__cuszp_outlier__rel_1e-4__trial5,11,../outputs/raw/hurricane_primary__cuszp_outlier__rel_1e-4__trial5.log,-11,True,5
../dep/install/cuSZp/bin/cuSZp -i /home/jwang96/datasets/Hurricane_new/clean-data-Jinyang/example.f32 -t f32 -m fixed -d 1 -eb rel 1e-4,,,,,cuszp,hurricane_primary,,,0.002087831497192383,rel,1e-4,cuszp_fixed,,,,../outputs/raw/hurricane_primary__cuszp_fixed__rel_1e-4__trial0.log,-11,False,0
../dep/install/cuSZp/bin/cuSZp -i /home/jwang96/datasets/Hurricane_new/clean-data-Jinyang/example.f32 -t f32 -m fixed -d 1 -eb rel 1e-4,,,,,cuszp,hurricane_primary,,,0.0018672943115234375,rel,1e-4,cuszp_fixed,../outputs/raw/hurricane_primary__cuszp_fixed__rel_1e-4__trial1.ncu.log,../outputs/raw/hurricane_primary__cuszp_fixed__rel_1e-4__trial1,11,../outputs/raw/hurricane_primary__cuszp_fixed__rel_1e-4__trial1.log,-11,True,1
../dep/install/cuSZp/bin/cuSZp -i /home/jwang96/datasets/Hurricane_new/clean-data-Jinyang/example.f32 -t f32 -m fixed -d 1 -eb rel 1e-4,,,,,cuszp,hurricane_primary,,,0.0020303726196289062,rel,1e-4,cuszp_fixed,../outputs/raw/hurricane_primary__cuszp_fixed__rel_1e-4__trial2.ncu.log,../outputs/raw/hurricane_primary__cuszp_fixed__rel_1e-4__trial2,11,../outputs/raw/hurricane_primary__cuszp_fixed__rel_1e-4__trial2.log,-11,True,2
../dep/install/cuSZp/bin/cuSZp -i /home/jwang96/datasets/Hurricane_new/clean-data-Jinyang/example.f32 -t f32 -m fixed -d 1 -eb rel 1e-4,,,,,cuszp,hurricane_primary,,,0.0019884109497070312,rel,1e-4,cuszp_fixed,../outputs/raw/hurricane_primary__cuszp_fixed__rel_1e-4__trial3.ncu.log,../outputs/raw/hurricane_primary__cuszp_fixed__rel_1e-4__trial3,11,../outputs/raw/hurricane_primary__cuszp_fixed__rel_1e-4__trial3.log,-11,True,3
../dep/install/cuSZp/bin/cuSZp -i /home/jwang96/datasets/Hurricane_new/clean-data-Jinyang/example.f32 -t f32 -m fixed -d 1 -eb rel 1e-4,,,,,cuszp,hurricane_primary,,,0.002184152603149414,rel,1e-4,cuszp_fixed,../outputs/raw/hurricane_primary__cuszp_fixed__rel_1e-4__trial4.ncu.log,../outputs/raw/hurricane_primary__cuszp_fixed__rel_1e-4__trial4,11,../outputs/raw/hurricane_primary__cuszp_fixed__rel_1e-4__trial4.log,-11,True,4
../dep/install/cuSZp/bin/cuSZp -i /home/jwang96/datasets/Hurricane_new/clean-data-Jinyang/example.f32 -t f32 -m fixed -d 1 -eb rel 1e-4,,,,,cuszp,hurricane_primary,,,0.0021305084228515625,rel,1e-4,cuszp_fixed,../outputs/raw/hurricane_primary__cuszp_fixed__rel_1e-4__trial5.ncu.log,../outputs/raw/hurricane_primary__cuszp_fixed__rel_1e-4__trial5,11,../outputs/raw/hurricane_primary__cuszp_fixed__rel_1e-4__trial5.log,-11,True,5
../dep/install/FZ-GPU/bin/fz-gpu /home/jwang96/datasets/Hurricane_new/clean-data-Jinyang/example.f32 500 500 100 1e-2,,,,,fzgpu,hurricane_primary,,,0.001928091049194336,rel,1e-2,fzgpu,,,,../outputs/raw/hurricane_primary__fzgpu__rel_1e-2__trial0.log,1,False,0
../dep/install/FZ-GPU/bin/fz-gpu /home/jwang96/datasets/Hurricane_new/clean-data-Jinyang/example.f32 500 500 100 1e-2,,,,,fzgpu,hurricane_primary,,,0.0012938976287841797,rel,1e-2,fzgpu,../outputs/raw/hurricane_primary__fzgpu__rel_1e-2__trial1.ncu.log,../outputs/raw/hurricane_primary__fzgpu__rel_1e-2__trial1,1,../outputs/raw/hurricane_primary__fzgpu__rel_1e-2__trial1.log,1,True,1
../dep/install/FZ-GPU/bin/fz-gpu /home/jwang96/datasets/Hurricane_new/clean-data-Jinyang/example.f32 500 500 100 1e-2,,,,,fzgpu,hurricane_primary,,,0.002082347869873047,rel,1e-2,fzgpu,../outputs/raw/hurricane_primary__fzgpu__rel_1e-2__trial2.ncu.log,../outputs/raw/hurricane_primary__fzgpu__rel_1e-2__trial2,1,../outputs/raw/hurricane_primary__fzgpu__rel_1e-2__trial2.log,1,True,2
../dep/install/FZ-GPU/bin/fz-gpu /home/jwang96/datasets/Hurricane_new/clean-data-Jinyang/example.f32 500 500 100 1e-2,,,,,fzgpu,hurricane_primary,,,0.0023491382598876953,rel,1e-2,fzgpu,../outputs/raw/hurricane_primary__fzgpu__rel_1e-2__trial3.ncu.log,../outputs/raw/hurricane_primary__fzgpu__rel_1e-2__trial3,1,../outputs/raw/hurricane_primary__fzgpu__rel_1e-2__trial3.log,1,True,3
../dep/install/FZ-GPU/bin/fz-gpu /home/jwang96/datasets/Hurricane_new/clean-data-Jinyang/example.f32 500 500 100 1e-2,,,,,fzgpu,hurricane_primary,,,0.0018610954284667969,rel,1e-2,fzgpu,../outputs/raw/hurricane_primary__fzgpu__rel_1e-2__trial4.ncu.log,../outputs/raw/hurricane_primary__fzgpu__rel_1e-2__trial4,1,../outputs/raw/hurricane_primary__fzgpu__rel_1e-2__trial4.log,1,True,4
../dep/install/FZ-GPU/bin/fz-gpu /home/jwang96/datasets/Hurricane_new/clean-data-Jinyang/example.f32 500 500 100 1e-2,,,,,fzgpu,hurricane_primary,,,0.001493692398071289,rel,1e-2,fzgpu,../outputs/raw/hurricane_primary__fzgpu__rel_1e-2__trial5.ncu.log,../outputs/raw/hurricane_primary__fzgpu__rel_1e-2__trial5,1,../outputs/raw/hurricane_primary__fzgpu__rel_1e-2__trial5.log,1,True,5
../dep/install/FZ-GPU/bin/fz-gpu /home/jwang96/datasets/Hurricane_new/clean-data-Jinyang/example.f32 500 500 100 1e-3,,,,,fzgpu,hurricane_primary,,,0.0015387535095214844,rel,1e-3,fzgpu,,,,../outputs/raw/hurricane_primary__fzgpu__rel_1e-3__trial0.log,1,False,0
../dep/install/FZ-GPU/bin/fz-gpu /home/jwang96/datasets/Hurricane_new/clean-data-Jinyang/example.f32 500 500 100 1e-3,,,,,fzgpu,hurricane_primary,,,0.0014309883117675781,rel,1e-3,fzgpu,../outputs/raw/hurricane_primary__fzgpu__rel_1e-3__trial1.ncu.log,../outputs/raw/hurricane_primary__fzgpu__rel_1e-3__trial1,1,../outputs/raw/hurricane_primary__fzgpu__rel_1e-3__trial1.log,1,True,1
../dep/install/FZ-GPU/bin/fz-gpu /home/jwang96/datasets/Hurricane_new/clean-data-Jinyang/example.f32 500 500 100 1e-3,,,,,fzgpu,hurricane_primary,,,0.002501964569091797,rel,1e-3,fzgpu,../outputs/raw/hurricane_primary__fzgpu__rel_1e-3__trial2.ncu.log,../outputs/raw/hurricane_primary__fzgpu__rel_1e-3__trial2,1,../outputs/raw/hurricane_primary__fzgpu__rel_1e-3__trial2.log,1,True,2
../dep/install/FZ-GPU/bin/fz-gpu /home/jwang96/datasets/Hurricane_new/clean-data-Jinyang/example.f32 500 500 100 1e-3,,,,,fzgpu,hurricane_primary,,,0.002805948257446289,rel,1e-3,fzgpu,../outputs/raw/hurricane_primary__fzgpu__rel_1e-3__trial3.ncu.log,../outputs/raw/hurricane_primary__fzgpu__rel_1e-3__trial3,1,../outputs/raw/hurricane_primary__fzgpu__rel_1e-3__trial3.log,1,True,3
../dep/install/FZ-GPU/bin/fz-gpu /home/jwang96/datasets/Hurricane_new/clean-data-Jinyang/example.f32 500 500 100 1e-3,,,,,fzgpu,hurricane_primary,,,0.0016758441925048828,rel,1e-3,fzgpu,../outputs/raw/hurricane_primary__fzgpu__rel_1e-3__trial4.ncu.log,../outputs/raw/hurricane_primary__fzgpu__rel_1e-3__trial4,1,../outputs/raw/hurricane_primary__fzgpu__rel_1e-3__trial4.log,1,True,4
../dep/install/FZ-GPU/bin/fz-gpu /home/jwang96/datasets/Hurricane_new/clean-data-Jinyang/example.f32 500 500 100 1e-3,,,,,fzgpu,hurricane_primary,,,0.0023589134216308594,rel,1e-3,fzgpu,../outputs/raw/hurricane_primary__fzgpu__rel_1e-3__trial5.ncu.log,../outputs/raw/hurricane_primary__fzgpu__rel_1e-3__trial5,1,../outputs/raw/hurricane_primary__fzgpu__rel_1e-3__trial5.log,1,True,5
../dep/install/FZ-GPU/bin/fz-gpu /home/jwang96/datasets/Hurricane_new/clean-data-Jinyang/example.f32 500 500 100 1e-4,,,,,fzgpu,hurricane_primary,,,0.001531362533569336,rel,1e-4,fzgpu,,,,../outputs/raw/hurricane_primary__fzgpu__rel_1e-4__trial0.log,1,False,0
../dep/install/FZ-GPU/bin/fz-gpu /home/jwang96/datasets/Hurricane_new/clean-data-Jinyang/example.f32 500 500 100 1e-4,,,,,fzgpu,hurricane_primary,,,0.0014255046844482422,rel,1e-4,fzgpu,../outputs/raw/hurricane_primary__fzgpu__rel_1e-4__trial1.ncu.log,../outputs/raw/hurricane_primary__fzgpu__rel_1e-4__trial1,1,../outputs/raw/hurricane_primary__fzgpu__rel_1e-4__trial1.log,1,True,1
../dep/install/FZ-GPU/bin/fz-gpu /home/jwang96/datasets/Hurricane_new/clean-data-Jinyang/example.f32 500 500 100 1e-4,,,,,fzgpu,hurricane_primary,,,0.0022177696228027344,rel,1e-4,fzgpu,../outputs/raw/hurricane_primary__fzgpu__rel_1e-4__trial2.ncu.log,../outputs/raw/hurricane_primary__fzgpu__rel_1e-4__trial2,1,../outputs/raw/hurricane_primary__fzgpu__rel_1e-4__trial2.log,1,True,2
../dep/install/FZ-GPU/bin/fz-gpu /home/jwang96/datasets/Hurricane_new/clean-data-Jinyang/example.f32 500 500 100 1e-4,,,,,fzgpu,hurricane_primary,,,0.001466989517211914,rel,1e-4,fzgpu,../outputs/raw/hurricane_primary__fzgpu__rel_1e-4__trial3.ncu.log,../outputs/raw/hurricane_primary__fzgpu__rel_1e-4__trial3,1,../outputs/raw/hurricane_primary__fzgpu__rel_1e-4__trial3.log,1,True,3
../dep/install/FZ-GPU/bin/fz-gpu /home/jwang96/datasets/Hurricane_new/clean-data-Jinyang/example.f32 500 500 100 1e-4,,,,,fzgpu,hurricane_primary,,,0.0014579296112060547,rel,1e-4,fzgpu,../outputs/raw/hurricane_primary__fzgpu__rel_1e-4__trial4.ncu.log,../outputs/raw/hurricane_primary__fzgpu__rel_1e-4__trial4,1,../outputs/raw/hurricane_primary__fzgpu__rel_1e-4__trial4.log,1,True,4
../dep/install/FZ-GPU/bin/fz-gpu /home/jwang96/datasets/Hurricane_new/clean-data-Jinyang/example.f32 500 500 100 1e-4,,,,,fzgpu,hurricane_primary,,,0.0025284290313720703,rel,1e-4,fzgpu,../outputs/raw/hurricane_primary__fzgpu__rel_1e-4__trial5.ncu.log,../outputs/raw/hurricane_primary__fzgpu__rel_1e-4__trial5,1,../outputs/raw/hurricane_primary__fzgpu__rel_1e-4__trial5.log,1,True,5
../dep/install/zfp/bin/zfp --help,,,,,zfp,hurricane_primary,,,0.003797769546508789,rel,1e-2,zfp,,,,../outputs/raw/hurricane_primary__zfp__rel_1e-2__trial0.log,1,False,0
../dep/install/zfp/bin/zfp --help,,,,,zfp,hurricane_primary,,,0.0014662742614746094,rel,1e-2,zfp,../outputs/raw/hurricane_primary__zfp__rel_1e-2__trial1.ncu.log,../outputs/raw/hurricane_primary__zfp__rel_1e-2__trial1,1,../outputs/raw/hurricane_primary__zfp__rel_1e-2__trial1.log,1,True,1
../dep/install/zfp/bin/zfp --help,,,,,zfp,hurricane_primary,,,0.002712726593017578,rel,1e-2,zfp,../outputs/raw/hurricane_primary__zfp__rel_1e-2__trial2.ncu.log,../outputs/raw/hurricane_primary__zfp__rel_1e-2__trial2,1,../outputs/raw/hurricane_primary__zfp__rel_1e-2__trial2.log,1,True,2
../dep/install/zfp/bin/zfp --help,,,,,zfp,hurricane_primary,,,0.002214670181274414,rel,1e-2,zfp,../outputs/raw/hurricane_primary__zfp__rel_1e-2__trial3.ncu.log,../outputs/raw/hurricane_primary__zfp__rel_1e-2__trial3,1,../outputs/raw/hurricane_primary__zfp__rel_1e-2__trial3.log,1,True,3
../dep/install/zfp/bin/zfp --help,,,,,zfp,hurricane_primary,,,0.0019712448120117188,rel,1e-2,zfp,../outputs/raw/hurricane_primary__zfp__rel_1e-2__trial4.ncu.log,../outputs/raw/hurricane_primary__zfp__rel_1e-2__trial4,1,../outputs/raw/hurricane_primary__zfp__rel_1e-2__trial4.log,1,True,4
../dep/install/zfp/bin/zfp --help,,,,,zfp,hurricane_primary,,,0.0025730133056640625,rel,1e-2,zfp,../outputs/raw/hurricane_primary__zfp__rel_1e-2__trial5.ncu.log,../outputs/raw/hurricane_primary__zfp__rel_1e-2__trial5,1,../outputs/raw/hurricane_primary__zfp__rel_1e-2__trial5.log,1,True,5
../dep/install/zfp/bin/zfp --help,,,,,zfp,hurricane_primary,,,0.0019767284393310547,rel,1e-3,zfp,,,,../outputs/raw/hurricane_primary__zfp__rel_1e-3__trial0.log,1,False,0
../dep/install/zfp/bin/zfp --help,,,,,zfp,hurricane_primary,,,0.0020208358764648438,rel,1e-3,zfp,../outputs/raw/hurricane_primary__zfp__rel_1e-3__trial1.ncu.log,../outputs/raw/hurricane_primary__zfp__rel_1e-3__trial1,1,../outputs/raw/hurricane_primary__zfp__rel_1e-3__trial1.log,1,True,1
../dep/install/zfp/bin/zfp --help,,,,,zfp,hurricane_primary,,,0.002467632293701172,rel,1e-3,zfp,../outputs/raw/hurricane_primary__zfp__rel_1e-3__trial2.ncu.log,../outputs/raw/hurricane_primary__zfp__rel_1e-3__trial2,1,../outputs/raw/hurricane_primary__zfp__rel_1e-3__trial2.log,1,True,2
../dep/install/zfp/bin/zfp --help,,,,,zfp,hurricane_primary,,,0.0017631053924560547,rel,1e-3,zfp,../outputs/raw/hurricane_primary__zfp__rel_1e-3__trial3.ncu.log,../outputs/raw/hurricane_primary__zfp__rel_1e-3__trial3,1,../outputs/raw/hurricane_primary__zfp__rel_1e-3__trial3.log,1,True,3
../dep/install/zfp/bin/zfp --help,,,,,zfp,hurricane_primary,,,0.0019235610961914062,rel,1e-3,zfp,../outputs/raw/hurricane_primary__zfp__rel_1e-3__trial4.ncu.log,../outputs/raw/hurricane_primary__zfp__rel_1e-3__trial4,1,../outputs/raw/hurricane_primary__zfp__rel_1e-3__trial4.log,1,True,4
../dep/install/zfp/bin/zfp --help,,,,,zfp,hurricane_primary,,,0.002452373504638672,rel,1e-3,zfp,../outputs/raw/hurricane_primary__zfp__rel_1e-3__trial5.ncu.log,../outputs/raw/hurricane_primary__zfp__rel_1e-3__trial5,1,../outputs/raw/hurricane_primary__zfp__rel_1e-3__trial5.log,1,True,5
../dep/install/zfp/bin/zfp --help,,,,,zfp,hurricane_primary,,,0.0030045509338378906,rel,1e-4,zfp,,,,../outputs/raw/hurricane_primary__zfp__rel_1e-4__trial0.log,1,False,0
../dep/install/zfp/bin/zfp --help,,,,,zfp,hurricane_primary,,,0.0018916130065917969,rel,1e-4,zfp,../outputs/raw/hurricane_primary__zfp__rel_1e-4__trial1.ncu.log,../outputs/raw/hurricane_primary__zfp__rel_1e-4__trial1,1,../outputs/raw/hurricane_primary__zfp__rel_1e-4__trial1.log,1,True,1
../dep/install/zfp/bin/zfp --help,,,,,zfp,hurricane_primary,,,0.002348184585571289,rel,1e-4,zfp,../outputs/raw/hurricane_primary__zfp__rel_1e-4__trial2.ncu.log,../outputs/raw/hurricane_primary__zfp__rel_1e-4__trial2,1,../outputs/raw/hurricane_primary__zfp__rel_1e-4__trial2.log,1,True,2
../dep/install/zfp/bin/zfp --help,,,,,zfp,hurricane_primary,,,0.002234935760498047,rel,1e-4,zfp,../outputs/raw/hurricane_primary__zfp__rel_1e-4__trial3.ncu.log,../outputs/raw/hurricane_primary__zfp__rel_1e-4__trial3,1,../outputs/raw/hurricane_primary__zfp__rel_1e-4__trial3.log,1,True,3
../dep/install/zfp/bin/zfp --help,,,,,zfp,hurricane_primary,,,0.001810312271118164,rel,1e-4,zfp,../outputs/raw/hurricane_primary__zfp__rel_1e-4__trial4.ncu.log,../outputs/raw/hurricane_primary__zfp__rel_1e-4__trial4,1,../outputs/raw/hurricane_primary__zfp__rel_1e-4__trial4.log,1,True,4
../dep/install/zfp/bin/zfp --help,,,,,zfp,hurricane_primary,,,0.0026755332946777344,rel,1e-4,zfp,../outputs/raw/hurricane_primary__zfp__rel_1e-4__trial5.ncu.log,../outputs/raw/hurricane_primary__zfp__rel_1e-4__trial5,1,../outputs/raw/hurricane_primary__zfp__rel_1e-4__trial5.log,1,True,5
